path,lines,qt_widgets,qt_qobject,qt_core,qt_network,qt_qml,sqlite,posix
ChangeLog.md,1810,1,0,0,0,1,1,0
scripts/macos/create_macosx_bundle.sh,287,0,0,0,0,0,2,0
scripts/win32/compile.sh,151,0,0,0,0,0,22,0
scripts/win32/compile_sqlite_and_ext.sh,90,0,0,0,0,0,9,0
Plugins/CellRendererImage/cellrendererimage.cpp,95,3,1,8,0,0,0,0
Plugins/CellRendererImage/cellrendererimage.h,25,0,2,2,0,0,0,0
Plugins/CellRendererImage/cellrendererimage.ui,106,4,0,0,0,0,0,0
Plugins/CellRendererImage/cellrendererimageplugin.cpp,62,0,0,3,0,0,0,0
Plugins/CellRendererImage/cellrendererimageplugin.h,45,0,1,3,0,0,0,0
Plugins/CsvExport/CsvExport.ui,101,7,0,0,0,0,0,0
Plugins/CsvExport/csvexport.cpp,234,0,0,41,0,0,0,0
Plugins/CsvExport/csvexport.h,64,0,1,41,0,0,0,0
Plugins/CsvImport/CsvImportOptions.ui,123,8,0,0,0,0,0,0
Plugins/CsvImport/csvimport.cpp,207,0,0,27,0,0,0,0
Plugins/CsvImport/csvimport.h,57,0,1,15,0,0,0,0
Plugins/DbAndroid/adbmanager.cpp,440,0,5,82,0,0,0,0
Plugins/DbAndroid/adbmanager.h,66,0,3,37,0,0,0,0
Plugins/DbAndroid/dbandroid.cpp,267,10,3,35,0,0,0,0
Plugins/DbAndroid/dbandroid.h,72,2,1,16,0,0,0,0
Plugins/DbAndroid/dbandroidconnection.cpp,15,0,0,4,0,0,0,0
Plugins/DbAndroid/dbandroidconnection.h,45,0,5,13,0,0,0,0
Plugins/DbAndroid/dbandroidconnectionfactory.cpp,29,0,2,1,0,0,0,0
Plugins/DbAndroid/dbandroidconnectionfactory.h,22,0,2,1,0,0,0,0
Plugins/DbAndroid/dbandroidinstance.cpp,232,0,1,25,0,0,0,0
Plugins/DbAndroid/dbandroidinstance.h,60,0,2,23,0,0,0,0
Plugins/DbAndroid/dbandroidjsonconnection.cpp,421,0,2,45,0,0,0,0
Plugins/DbAndroid/dbandroidjsonconnection.h,66,0,3,17,0,0,0,0
Plugins/DbAndroid/dbandroidpathdialog.cpp,561,13,9,32,0,0,0,0
Plugins/DbAndroid/dbandroidpathdialog.h,81,3,1,9,0,0,0,0
Plugins/DbAndroid/dbandroidpathdialog.ui,245,8,0,0,0,0,1,0
Plugins/DbAndroid/dbandroidshellconnection.cpp,370,0,2,83,0,0,6,0
Plugins/DbAndroid/dbandroidshellconnection.h,51,0,2,22,0,0,0,0
Plugins/DbAndroid/dbandroidurl.cpp,204,0,0,24,0,0,0,0
Plugins/DbAndroid/dbandroidurl.h,63,0,0,20,0,0,0,0
Plugins/DbAndroid/sqlqueryandroid.cpp,161,0,1,17,0,0,0,0
Plugins/DbAndroid/sqlqueryandroid.h,48,0,0,16,0,0,0,0
Plugins/DbSQLite3MC/CMakeLists.txt,81,0,0,0,0,0,20,0
Plugins/DbSQLite3MC/dbsqlitemc.cpp,80,0,0,16,0,0,0,0
Plugins/DbSQLite3MC/dbsqlitemc.h,32,0,2,7,0,0,0,0
Plugins/DbSQLite3MC/dbsqlitemcinstance.cpp,69,0,0,19,0,0,0,0
Plugins/DbSQLite3MC/dbsqlitemcinstance.h,35,0,0,9,0,0,0,0
Plugins/DbSQLite3MC/sqlite3mc_amalgamation.c,364089,0,2,0,0,0,25727,86
Plugins/DbSQLite3MC/sqlite3mc_amalgamation.h,14243,0,0,0,0,0,2395,0
Plugins/ErdEditor/erdconfig.ui,71,3,0,0,0,0,0,0
Plugins/ErdEditor/erdeditorplugin.cpp,81,3,0,5,0,0,0,0
Plugins/ErdEditor/erdeditorplugin.h,48,2,1,1,0,0,0,0
Plugins/ErdEditor/erdwindow.cpp,1149,41,0,57,0,0,0,1
Plugins/ErdEditor/erdwindow.h,210,14,1,16,0,0,0,0
Plugins/ErdEditor/erdwindow.ui,171,9,0,0,0,0,0,0
Plugins/FusionDarkStyle/fusiondarkplugin.cpp,74,1,1,1,0,0,0,0
Plugins/FusionDarkStyle/fusiondarkplugin.h,25,1,2,1,0,0,0,0
Plugins/HtmlExport/htmlexport.cpp,781,0,0,135,0,0,0,0
Plugins/HtmlExport/htmlexport.h,93,0,1,61,0,0,0,0
Plugins/HtmlExport/htmlexport.ui,284,9,0,0,0,0,0,0
Plugins/JsonExport/jsonexport.cpp,490,0,0,71,0,0,0,0
Plugins/JsonExport/jsonexport.h,86,0,1,51,0,0,0,0
Plugins/JsonExport/jsonexport.ui,67,1,0,0,0,0,0,0
Plugins/MultiEditorImage/multieditorimage.cpp,219,9,1,10,0,0,0,0
Plugins/MultiEditorImage/multieditorimage.h,65,5,2,10,0,0,0,0
Plugins/MultiEditorJson/jsonhighlighter.cpp,103,0,0,9,0,0,0,0
Plugins/MultiEditorJson/jsonhighlighter.h,38,0,1,4,0,0,0,0
Plugins/MultiEditorJson/multieditorjson.cpp,334,16,2,26,0,0,0,0
Plugins/MultiEditorJson/multieditorjson.h,77,12,2,14,0,0,0,0
Plugins/PdfExport/pdfexport.cpp,1577,0,0,116,0,0,0,0
Plugins/PdfExport/pdfexport.h,247,0,1,89,0,0,0,0
Plugins/PdfExport/pdfexport.ui,463,22,0,0,0,0,0,0
Plugins/Printing/printing.cpp,114,2,0,2,0,0,0,0
Plugins/Printing/printing.h,36,0,1,0,0,0,0,0
Plugins/Printing/printingexport.cpp,40,0,0,2,0,0,0,0
Plugins/Printing/printingexport.h,28,0,1,2,0,0,0,0
Plugins/PythonSyntaxHighlighter/pythonsyntaxhighlighter.cpp,267,6,0,31,0,0,0,0
Plugins/PythonSyntaxHighlighter/pythonsyntaxhighlighter.h,43,1,2,5,0,0,0,0
Plugins/RegExpImport/regexpimport.cpp,210,0,0,35,0,0,0,0
Plugins/RegExpImport/regexpimport.h,53,0,1,21,0,0,0,0
Plugins/RegExpImport/regexpimport.ui,100,4,0,0,0,0,0,0
Plugins/ScriptingPython/scriptingpython.cpp,933,0,5,137,0,0,4,0
Plugins/ScriptingPython/scriptingpython.h,148,0,1,46,0,0,0,0
Plugins/ScriptingPython/scriptingpython.ui,65,2,0,0,0,0,0,0
Plugins/ScriptingTcl/scriptingtcl.cpp,697,0,0,102,0,0,0,0
Plugins/ScriptingTcl/scriptingtcl.h,116,0,1,46,0,0,0,0
Plugins/SqlEnterpriseFormatter/formatcreatetable.cpp,269,0,0,3,0,0,0,0
Plugins/SqlEnterpriseFormatter/formatcreatetable.h,64,0,0,2,0,0,0,0
Plugins/SqlEnterpriseFormatter/formatcreatetrigger.cpp,113,0,0,6,0,0,0,0
Plugins/SqlEnterpriseFormatter/formatcreatetrigger.h,39,0,0,2,0,0,0,0
Plugins/SqlEnterpriseFormatter/formatcreatevirtualtable.cpp,110,0,0,1,0,0,0,0
Plugins/SqlEnterpriseFormatter/formatexpr.cpp,311,0,0,5,0,0,0,0
Plugins/SqlEnterpriseFormatter/formatexpr.h,25,0,0,2,0,0,0,0
Plugins/SqlEnterpriseFormatter/formatforeignkey.cpp,79,0,0,1,0,0,0,0
Plugins/SqlEnterpriseFormatter/formatselect.cpp,271,0,0,4,0,0,0,1
Plugins/SqlEnterpriseFormatter/formatstatement.cpp,1152,0,0,48,0,0,0,0
Plugins/SqlEnterpriseFormatter/formatstatement.h,226,0,0,60,0,0,0,0
Plugins/SqlEnterpriseFormatter/formatupdate.cpp,74,0,0,1,0,0,0,0
Plugins/SqlEnterpriseFormatter/formatupsert.cpp,50,0,0,1,0,0,0,0
Plugins/SqlEnterpriseFormatter/formatwindowdefinition.cpp,92,0,0,1,0,0,0,0
Plugins/SqlEnterpriseFormatter/formatwith.cpp,50,0,0,1,0,0,0,0
Plugins/SqlEnterpriseFormatter/formatwith.h,32,0,0,2,0,0,0,0
Plugins/SqlEnterpriseFormatter/sqlenterpriseformatter.cpp,461,0,2,29,0,0,0,0
Plugins/SqlEnterpriseFormatter/sqlenterpriseformatter.h,109,0,1,22,0,0,0,0
Plugins/SqlEnterpriseFormatter/sqlenterpriseformatter.ui,729,49,0,0,0,0,0,0
Plugins/SqlExport/SqlExportCommon.ui,62,5,0,0,0,0,0,0
Plugins/SqlExport/SqlExportQuery.ui,96,9,0,0,0,0,0,0
Plugins/SqlExport/sqlexport.cpp,401,0,0,71,0,0,0,0
Plugins/SqlExport/sqlexport.h,77,0,1,52,0,0,0,0
Plugins/SqlFormatterSimple/SqlFormatterSimple.ui,55,3,0,0,0,0,0,0
Plugins/SqlFormatterSimple/sqlformattersimpleplugin.cpp,59,0,0,2,0,0,0,0
Plugins/SqlFormatterSimple/sqlformattersimpleplugin.h,39,0,2,2,0,0,0,0
Plugins/TclSyntaxHighlighter/tclsyntaxhighlighter.cpp,171,6,0,22,0,0,0,0
Plugins/TclSyntaxHighlighter/tclsyntaxhighlighter.h,51,1,2,6,0,0,0,0
Plugins/XmlExport/XmlExport.ui,152,2,0,0,0,0,0,0
Plugins/XmlExport/xmlexport.cpp,521,0,0,67,0,0,0,0
Plugins/XmlExport/xmlexport.h,85,0,1,58,0,0,0,0
Plugins/ErdEditor/changes/erdchange.cpp,80,0,0,10,0,0,0,0
Plugins/ErdEditor/changes/erdchange.h,118,0,0,13,0,0,0,0
Plugins/ErdEditor/changes/erdchangecolorentity.cpp,30,0,0,3,0,0,0,0
Plugins/ErdEditor/changes/erdchangecolorentity.h,26,0,0,4,0,0,0,0
Plugins/ErdEditor/changes/erdchangecomposite.cpp,77,0,0,9,0,0,0,0
Plugins/ErdEditor/changes/erdchangecomposite.h,32,0,0,9,0,0,0,0
Plugins/ErdEditor/changes/erdchangedeleteconnection.cpp,61,0,0,9,0,0,0,0
Plugins/ErdEditor/changes/erdchangedeleteconnection.h,34,0,0,7,0,0,0,0
Plugins/ErdEditor/changes/erdchangedeleteentity.cpp,71,0,1,8,0,0,0,0
Plugins/ErdEditor/changes/erdchangedeleteentity.h,38,0,0,7,0,0,0,0
Plugins/ErdEditor/changes/erdchangemodifyentity.cpp,64,0,1,9,0,0,0,0
Plugins/ErdEditor/changes/erdchangemodifyentity.h,36,0,0,4,0,0,0,0
Plugins/ErdEditor/changes/erdchangemoveentity.cpp,35,0,1,5,0,0,0,0
Plugins/ErdEditor/changes/erdchangemoveentity.h,29,0,0,7,0,0,0,0
Plugins/ErdEditor/changes/erdchangenewentity.cpp,56,0,1,8,0,0,0,0
Plugins/ErdEditor/changes/erdchangenewentity.h,36,0,0,6,0,0,0,0
Plugins/ErdEditor/changes/erdchangeregistry.cpp,133,0,3,9,0,0,0,0
Plugins/ErdEditor/changes/erdchangeregistry.h,45,0,4,5,0,0,0,0
Plugins/ErdEditor/changes/erdchangeregistrydialog.cpp,174,4,0,6,0,0,0,0
Plugins/ErdEditor/changes/erdchangeregistrydialog.h,52,3,1,2,0,0,0,0
Plugins/ErdEditor/changes/erdchangeregistrydialog.ui,218,10,0,0,0,0,0,0
Plugins/ErdEditor/changes/erdeffectivechange.cpp,100,0,0,13,0,0,0,0
Plugins/ErdEditor/changes/erdeffectivechange.h,50,0,0,15,0,0,0,0
Plugins/ErdEditor/changes/erdeffectivechangemerger.cpp,622,0,2,59,0,0,0,0
Plugins/ErdEditor/changes/erdeffectivechangemerger.h,196,0,0,36,0,0,0,0
Plugins/ErdEditor/layouts/erdlayout.cpp,16,0,0,1,0,0,0,0
Plugins/ErdEditor/layouts/erdlayout.h,19,0,0,3,0,0,0,0
Plugins/ErdEditor/layouts/erdlayoutfdp.cpp,518,0,0,28,0,0,0,0
Plugins/ErdEditor/layouts/erdlayoutfdp.h,15,0,0,1,0,0,0,0
Plugins/ErdEditor/layouts/erdlayoutneato.cpp,374,0,0,18,0,0,0,0
Plugins/ErdEditor/layouts/erdlayoutneato.h,14,0,0,1,0,0,0,0
Plugins/ErdEditor/layouts/erdlayoutplanner.cpp,102,0,0,9,0,0,0,0
Plugins/ErdEditor/layouts/erdlayoutplanner.h,29,0,0,3,0,0,0,0
Plugins/ErdEditor/panel/erdcolumnfkpanel.cpp,17,1,0,0,0,0,0,0
Plugins/ErdEditor/panel/erdcolumnfkpanel.h,18,1,1,0,0,0,0,0
Plugins/ErdEditor/panel/erdconnectionpanel.cpp,282,3,1,18,0,0,0,0
Plugins/ErdEditor/panel/erdconnectionpanel.h,80,4,1,4,0,0,0,0
Plugins/ErdEditor/panel/erdconnectionpanel.ui,211,13,0,0,0,0,0,0
Plugins/ErdEditor/panel/erdtablefkpanel.cpp,17,1,0,0,0,0,0,0
Plugins/ErdEditor/panel/erdtablefkpanel.h,18,1,1,0,0,0,0,0
Plugins/ErdEditor/panel/erdtablewindow.cpp,262,7,3,17,0,0,0,0
Plugins/ErdEditor/panel/erdtablewindow.h,58,1,2,7,0,0,0,0
Plugins/ErdEditor/scene/erdarrowitem.cpp,97,7,0,0,0,0,0,0
Plugins/ErdEditor/scene/erdarrowitem.h,53,2,0,0,0,0,0,0
Plugins/ErdEditor/scene/erdconnection.cpp,378,10,3,9,0,0,0,1
Plugins/ErdEditor/scene/erdconnection.h,87,1,1,3,0,0,0,1
Plugins/ErdEditor/scene/erdcurvyarrowitem.cpp,95,2,0,0,0,0,0,0
Plugins/ErdEditor/scene/erdcurvyarrowitem.h,19,1,0,0,0,0,0,0
Plugins/ErdEditor/scene/erdentity.cpp,868,53,10,24,0,0,0,0
Plugins/ErdEditor/scene/erdentity.h,131,21,3,20,0,0,0,0
Plugins/ErdEditor/scene/erdlinearrowitem.cpp,52,3,0,0,0,0,0,0
Plugins/ErdEditor/scene/erdlinearrowitem.h,21,1,0,0,0,0,0,0
Plugins/ErdEditor/scene/erdscene.cpp,980,9,13,95,0,0,0,0
Plugins/ErdEditor/scene/erdscene.h,223,3,2,48,0,0,0,0
Plugins/ErdEditor/scene/erdsquarearrowitem.cpp,86,2,0,0,0,0,0,0
Plugins/ErdEditor/scene/erdsquarearrowitem.h,23,1,0,0,0,0,0,0
Plugins/ErdEditor/scene/erdview.cpp,725,45,10,16,0,0,0,0
Plugins/ErdEditor/scene/erdview.h,140,6,4,8,0,0,0,0
Letos/cmake/custom_sqlite3.cmake,33,0,0,0,0,0,1,0
Letos/core/CMakeLists.txt,457,0,0,0,0,0,3,0
Letos/core/committable.cpp,42,0,0,2,0,0,0,0
Letos/core/committable.h,28,0,0,4,0,0,0,0
Letos/core/completioncomparer.cpp,485,0,0,23,0,0,0,0
Letos/core/completioncomparer.h,76,0,0,28,0,0,0,0
Letos/core/completionhelper.cpp,1789,0,0,226,0,0,0,0
Letos/core/completionhelper.h,308,0,3,93,0,0,0,0
Letos/core/config_builder.h,92,0,0,3,0,0,0,0
Letos/core/csvformat.cpp,55,0,0,8,0,0,0,0
Letos/core/csvformat.h,33,0,0,12,0,0,0,0
Letos/core/csvserializer.cpp,257,0,0,69,0,0,0,0
Letos/core/csvserializer.h,20,0,0,18,0,0,0,0
Letos/core/datatype.cpp,284,0,1,37,0,0,0,0
Letos/core/datatype.h,84,0,3,28,0,0,0,0
Letos/core/dbattacher.h,122,0,0,4,0,0,0,0
Letos/core/dbobjectorganizer.cpp,836,0,3,92,0,0,0,0
Letos/core/dbobjectorganizer.h,161,0,3,89,0,0,0,0
Letos/core/ddlhistorymodel.cpp,78,0,1,10,0,0,0,0
Letos/core/ddlhistorymodel.h,32,0,2,5,0,0,0,0
Letos/core/expectedtoken.cpp,75,0,0,7,0,0,0,0
Letos/core/expectedtoken.h,109,0,0,10,0,0,0,0
Letos/core/exportworker.cpp,871,0,5,65,0,0,0,0
Letos/core/exportworker.h,68,0,4,38,0,0,0,0
Letos/core/importworker.cpp,202,0,6,14,0,0,0,0
Letos/core/importworker.h,46,0,4,12,0,0,0,0
Letos/core/letos.cpp,500,0,8,24,0,0,0,0
Letos/core/letos.h,293,0,3,24,0,0,0,0
Letos/core/log.cpp,93,0,0,26,0,0,0,0
Letos/core/log.h,26,0,0,21,0,0,0,0
Letos/core/pluginloader.cpp,35,0,0,1,0,0,0,0
Letos/core/pluginloader.h,36,0,0,4,0,0,0,0
Letos/core/pluginservicebase.cpp,22,0,5,3,0,0,0,0
Letos/core/pluginservicebase.h,96,0,4,7,0,0,0,0
Letos/core/populateworker.cpp,121,0,10,11,0,0,0,0
Letos/core/populateworker.h,43,0,4,11,0,0,0,0
Letos/core/qio.cpp,6,0,0,3,0,0,0,0
Letos/core/qio.h,34,0,0,7,0,0,0,0
Letos/core/querygenerator.cpp,315,0,0,105,0,0,0,0
Letos/core/querygenerator.h,85,0,0,52,0,0,0,0
Letos/core/querymodel.cpp,64,0,2,6,0,0,0,0
Letos/core/querymodel.h,42,0,2,6,0,0,0,0
Letos/core/returncode.cpp,52,0,0,7,0,0,0,0
Letos/core/returncode.h,27,0,0,10,0,0,0,0
Letos/core/schemaresolver.cpp,1755,0,0,422,0,0,0,0
Letos/core/schemaresolver.h,321,0,0,274,0,0,0,0
Letos/core/selectresolver.cpp,1014,0,2,115,0,0,0,0
Letos/core/selectresolver.h,350,0,0,74,0,0,0,0
Letos/core/sqlfileexecutor.cpp,363,0,15,63,0,0,0,0
Letos/core/sqlfileexecutor.h,60,0,4,30,0,0,0,0
Letos/core/sqlhistorymodel.cpp,45,0,1,2,0,0,0,0
Letos/core/sqlhistorymodel.h,20,0,2,2,0,0,0,0
Letos/core/tablemodifier.cpp,1278,0,9,136,0,0,0,0
Letos/core/tablemodifier.h,194,0,0,103,0,0,0,0
Letos/core/translations.cpp,145,0,0,41,0,0,0,0
Letos/core/translations.h,29,0,0,12,0,0,0,0
Letos/core/tsvserializer.cpp,145,0,0,30,0,0,0,0
Letos/core/tsvserializer.h,23,0,0,15,0,0,0,0
Letos/core/viewmodifier.cpp,126,0,3,15,0,0,0,0
Letos/core/viewmodifier.h,53,0,0,18,0,0,0,0
Letos/gui/actionentry.cpp,43,0,0,3,0,0,0,0
Letos/gui/actionentry.h,31,0,0,6,0,0,0,0
Letos/gui/codesnippetspanel.cpp,137,5,0,7,0,0,0,0
Letos/gui/codesnippetspanel.h,46,5,1,3,0,0,0,0
Letos/gui/codesnippetspanel.ui,93,6,0,0,0,0,0,0
Letos/gui/configmapper.cpp,860,87,4,109,0,0,0,0
Letos/gui/configmapper.h,140,55,3,49,0,0,0,0
Letos/gui/configuiplugin.h,26,3,0,3,0,0,0,0
Letos/gui/customconfigwidgetplugin.h,22,5,0,4,0,0,0,0
Letos/gui/dataview.cpp,1500,41,2,36,0,0,0,0
Letos/gui/dataview.h,277,22,10,11,0,0,0,0
Letos/gui/dblistmodel.cpp,227,2,2,8,0,0,0,0
Letos/gui/dblistmodel.h,77,3,2,6,0,0,0,0
Letos/gui/dbobjectdialogs.cpp,446,8,0,85,0,0,0,0
Letos/gui/dbobjectdialogs.h,76,3,2,42,0,0,0,0
Letos/gui/dbobjlistmodel.cpp,128,0,1,5,0,0,0,0
Letos/gui/dbobjlistmodel.h,61,0,2,4,0,0,0,0
Letos/gui/debugconsole.cpp,80,4,0,6,0,0,0,0
Letos/gui/debugconsole.h,45,3,1,5,0,0,0,0
Letos/gui/debugconsole.ui,74,2,0,0,0,0,0,0
Letos/gui/extendedpalette.cpp,86,0,0,2,0,0,0,0
Letos/gui/extendedpalette.h,39,0,0,3,0,0,0,0
Letos/gui/formmanager.cpp,203,8,0,37,0,0,0,0
Letos/gui/formmanager.h,49,4,2,17,0,0,0,0
Letos/gui/formview.cpp,315,5,5,7,0,0,0,0
Letos/gui/formview.h,117,5,10,6,0,0,0,0
Letos/gui/icon.cpp,290,0,0,20,0,0,0,0
Letos/gui/icon.h,81,0,0,21,0,0,0,0
Letos/gui/iconmanager.cpp,214,1,1,38,0,0,0,0
Letos/gui/iconmanager.h,362,0,2,37,0,0,1,0
Letos/gui/mainwindow.cpp,1647,48,5,78,0,0,4,0
Letos/gui/mainwindow.h,381,23,26,33,0,0,1,0
Letos/gui/mainwindow.ui,161,11,0,0,0,0,0,0
Letos/gui/mdiarea.cpp,320,33,6,15,0,0,0,0
Letos/gui/mdiarea.h,80,8,1,11,0,0,0,0
Letos/gui/mdichild.cpp,94,2,0,12,0,0,0,0
Letos/gui/mdichild.h,74,3,1,8,0,0,0,0
Letos/gui/mdiwindow.cpp,242,23,0,12,0,0,0,0
Letos/gui/mdiwindow.h,50,3,1,5,0,0,0,0
Letos/gui/qtscriptsyntaxhighlighter.cpp,461,7,0,15,0,0,0,0
Letos/gui/qtscriptsyntaxhighlighter.h,70,1,1,3,0,0,0,0
Letos/gui/searchtextlocator.cpp,281,2,7,12,0,0,0,0
Letos/gui/searchtextlocator.h,81,3,3,6,0,0,0,0
Letos/gui/selectabledbmodel.cpp,99,0,2,4,0,0,0,0
Letos/gui/selectabledbmodel.h,36,0,1,6,0,0,0,0
Letos/gui/selectabledbobjmodel.cpp,254,1,2,8,0,0,0,0
Letos/gui/selectabledbobjmodel.h,46,1,2,11,0,0,0,0
Letos/gui/sqlcompareview.cpp,141,1,0,12,0,0,0,0
Letos/gui/sqlcompareview.h,35,1,0,10,0,0,0,0
Letos/gui/sqleditor.cpp,2157,55,4,144,0,0,0,0
Letos/gui/sqleditor.h,361,17,25,50,0,0,0,0
Letos/gui/sqlitesyntaxhighlighter.cpp,453,8,0,11,0,0,0,0
Letos/gui/sqlitesyntaxhighlighter.h,203,2,2,15,0,0,0,0
Letos/gui/sqlview.cpp,47,2,0,4,0,0,0,0
Letos/gui/sqlview.h,26,3,1,2,0,0,0,0
Letos/gui/statusfield.cpp,332,19,2,23,0,0,0,0
Letos/gui/statusfield.h,106,7,4,14,0,0,0,0
Letos/gui/statusfield.ui,101,2,0,0,0,0,0,0
Letos/gui/style.cpp,80,5,2,2,0,0,0,0
Letos/gui/style.h,42,0,2,2,0,0,0,0
Letos/gui/syntaxhighlighterplugin.h,20,2,0,2,0,0,0,0
Letos/gui/taskbar.cpp,431,37,2,4,0,0,0,0
Letos/gui/taskbar.h,82,22,2,4,0,0,0,0
Letos/gui/themetuner.cpp,128,10,2,16,0,0,0,0
Letos/gui/themetuner.h,53,5,4,17,0,0,0,0
Letos/gui/uiconfig.cpp,201,4,4,33,0,0,0,0
Letos/gui/uiconfig.h,196,0,0,49,0,0,0,0
Letos/gui/uicustomicon.cpp,31,2,0,2,0,0,0,0
Letos/gui/uicustomicon.h,17,1,0,1,0,0,0,0
Letos/gui/uidebug.cpp,177,0,8,47,0,0,0,0
Letos/gui/uidebug.h,53,0,5,20,0,0,0,0
Letos/gui/uiloader.cpp,96,12,1,9,0,0,0,0
Letos/gui/uiloader.h,34,7,2,10,0,0,0,0
Letos/gui/uiloaderpropertyhandler.h,17,2,0,2,0,0,0,0
Letos/gui/uiscriptingcombo.cpp,27,4,0,1,0,0,0,0
Letos/gui/uiscriptingcombo.h,17,1,0,1,0,0,0,0
Letos/gui/uiscriptingedit.cpp,98,7,2,5,0,0,0,0
Letos/gui/uiscriptingedit.h,40,3,3,3,0,0,0,0
Letos/gui/uiurlbutton.cpp,28,1,1,2,0,0,0,0
Letos/gui/uiurlbutton.h,17,1,0,1,0,0,0,0
Letos/gui/uiutils.cpp,299,39,10,33,0,0,0,0
Letos/gui/uiutils.h,57,20,0,23,0,0,0,0
Letos/gui/widgetresizer.cpp,142,7,0,0,0,0,0,0
Letos/gui/widgetresizer.h,49,7,1,0,0,0,0,0
Letos/letos/CMakeLists.txt,115,1,0,0,0,0,0,0
Letos/letos/main.cpp,225,6,19,17,0,0,0,0
Letos/letos/singleapplication/singleapplication.cpp,477,0,3,12,0,0,0,2
Letos/letos/singleapplication/singleapplication.h,136,0,1,2,0,0,0,0
Letos/letos/singleapplication/singleapplication_p.h,86,0,2,1,0,0,0,0
Letos/gui/common/bindparam.h,17,0,0,5,0,0,0,0
Letos/gui/common/booltoolbutton.cpp,8,1,0,0,0,0,0,0
Letos/gui/common/booltoolbutton.h,16,1,1,0,0,0,0,0
Letos/gui/common/centerediconitemdelegate.cpp,42,2,1,0,0,0,0,0
Letos/gui/common/centerediconitemdelegate.h,16,0,1,0,0,0,0,0
Letos/gui/common/colorbutton.cpp,40,2,1,0,0,0,0,0
Letos/gui/common/colorbutton.h,31,3,1,0,0,0,0,0
Letos/gui/common/colorpickerpopup.cpp,237,12,1,7,0,0,0,0
Letos/gui/common/colorpickerpopup.h,57,5,1,7,0,0,0,0
Letos/gui/common/combonowheelfilter.cpp,23,2,4,0,0,0,0,0
Letos/gui/common/combonowheelfilter.h,19,0,5,0,0,0,0,0
Letos/gui/common/configcombobox.cpp,17,2,0,2,0,0,0,0
Letos/gui/common/configcombobox.h,35,5,1,7,0,0,0,0
Letos/gui/common/configradiobutton.cpp,37,1,2,3,0,0,0,0
Letos/gui/common/configradiobutton.h,47,1,1,8,0,0,0,0
Letos/gui/common/customsplitter.cpp,38,2,0,0,0,0,0,0
Letos/gui/common/customsplitter.h,23,2,1,0,0,0,0,0
Letos/gui/common/datawidgetmapper.cpp,153,4,3,5,0,0,0,0
Letos/gui/common/datawidgetmapper.h,109,6,4,8,0,0,0,0
Letos/gui/common/dbcombobox.cpp,78,3,2,2,0,0,0,0
Letos/gui/common/dbcombobox.h,42,4,1,1,0,0,0,0
Letos/gui/common/deleteonfocusoutfilter.cpp,25,0,4,0,0,0,0,0
Letos/gui/common/deleteonfocusoutfilter.h,28,0,7,2,0,0,0,0
Letos/gui/common/dialogsizehandler.cpp,71,5,5,5,0,0,0,0
Letos/gui/common/dialogsizehandler.h,45,0,7,5,0,0,0,0
Letos/gui/common/extactioncontainer.cpp,384,46,14,19,0,0,0,0
Letos/gui/common/extactioncontainer.h,299,29,7,32,0,0,0,0
Letos/gui/common/extactionmanagementnotifier.cpp,20,3,3,0,0,0,0,0
Letos/gui/common/extactionmanagementnotifier.h,32,10,3,2,0,0,0,0
Letos/gui/common/extactionprototype.cpp,66,8,11,3,0,0,0,0
Letos/gui/common/extactionprototype.h,45,8,7,5,0,0,0,0
Letos/gui/common/extlineedit.cpp,133,12,1,5,0,0,0,0
Letos/gui/common/extlineedit.h,49,5,1,2,0,0,0,0
Letos/gui/common/exttableview.cpp,15,2,1,0,0,0,0,0
Letos/gui/common/exttableview.h,17,3,0,0,0,0,0,0
Letos/gui/common/exttablewidget.cpp,16,1,1,0,0,0,0,0
Letos/gui/common/exttablewidget.h,23,1,0,0,0,0,0,0
Letos/gui/common/fileedit.cpp,182,10,5,24,0,0,0,0
Letos/gui/common/fileedit.h,67,7,1,23,0,0,0,0
Letos/gui/common/fontedit.cpp,69,3,1,1,0,0,0,0
Letos/gui/common/fontedit.h,44,3,1,0,0,0,0,0
Letos/gui/common/fontedit.ui,36,2,0,0,0,0,0,0
Letos/gui/common/immediatetooltip.cpp,43,2,2,2,0,0,0,0
Letos/gui/common/immediatetooltip.h,24,1,4,3,0,0,0,0
Letos/gui/common/intvalidator.cpp,39,0,2,4,0,0,0,0
Letos/gui/common/intvalidator.h,26,0,3,2,0,0,0,0
Letos/gui/common/ipvalidator.cpp,96,0,1,11,0,0,0,0
Letos/gui/common/ipvalidator.h,37,0,1,4,0,0,0,0
Letos/gui/common/materialswitch.cpp,229,5,0,1,0,0,0,0
Letos/gui/common/materialswitch.h,53,4,1,1,0,0,0,0
Letos/gui/common/mouseshortcut.cpp,78,1,12,0,0,0,0,0
Letos/gui/common/mouseshortcut.h,61,0,11,0,0,0,0,0
Letos/gui/common/numericspinbox.cpp,162,3,3,12,0,0,0,0
Letos/gui/common/numericspinbox.h,58,1,1,9,0,0,0,0
Letos/gui/common/passwordtogglehelper.cpp,27,6,1,0,0,0,0,0
Letos/gui/common/passwordtogglehelper.h,28,5,3,0,0,0,0,0
Letos/gui/common/spinnowheelfilter.cpp,22,0,4,0,0,0,0,0
Letos/gui/common/spinnowheelfilter.h,18,0,5,0,0,0,0,0
Letos/gui/common/tablewidget.cpp,51,6,0,2,0,0,0,0
Letos/gui/common/tablewidget.h,24,1,1,0,0,0,0,0
Letos/gui/common/userinputfilter.cpp,34,2,3,4,0,0,0,0
Letos/gui/common/userinputfilter.h,36,3,4,1,0,0,0,0
Letos/gui/common/verifiablewizardpage.cpp,21,1,0,0,0,0,0,0
Letos/gui/common/verifiablewizardpage.h,24,2,1,0,0,0,0,0
Letos/gui/common/widgetcover.cpp,255,11,1,10,0,0,0,0
Letos/gui/common/widgetcover.h,74,7,2,7,0,0,0,0
Letos/gui/common/widgetstateindicator.cpp,448,16,2,11,0,0,0,0
Letos/gui/common/widgetstateindicator.h,105,16,4,12,0,0,0,0
Letos/gui/completer/completeritemdelegate.cpp,148,1,1,10,0,0,0,0
Letos/gui/completer/completeritemdelegate.h,32,0,2,3,0,0,0,0
Letos/gui/completer/completermodel.cpp,172,0,1,9,0,0,0,0
Letos/gui/completer/completermodel.h,51,0,1,6,0,0,0,0
Letos/gui/completer/completersnippetdelegate.cpp,42,0,1,2,0,0,0,0
Letos/gui/completer/completersnippetdelegate.h,21,0,1,0,0,0,0,0
Letos/gui/completer/completerview.cpp,47,1,1,0,0,0,0,0
Letos/gui/completer/completerview.h,26,1,1,0,0,0,0,0
Letos/gui/completer/completerwindow.cpp,482,7,8,10,0,0,0,0
Letos/gui/completer/completerwindow.h,105,3,2,7,0,0,0,0
Letos/gui/completer/completerwindow.ui,102,3,0,0,0,0,0,0
Letos/gui/configwidgets/cellrenderertable.cpp,188,20,1,17,0,0,0,0
Letos/gui/configwidgets/cellrenderertable.h,50,9,1,4,0,0,0,0
Letos/gui/configwidgets/combodatawidget.cpp,63,9,0,6,0,0,0,0
Letos/gui/configwidgets/combodatawidget.h,36,4,0,3,0,0,0,0
Letos/gui/configwidgets/listtostringlisthash.cpp,67,4,0,14,0,0,0,0
Letos/gui/configwidgets/listtostringlisthash.h,23,4,0,3,0,0,0,0
Letos/gui/configwidgets/styleconfigwidget.cpp,54,10,0,6,0,0,0,0
Letos/gui/configwidgets/styleconfigwidget.h,21,4,0,3,0,0,0,0
Letos/gui/constraints/columncheckpanel.cpp,57,1,0,2,0,0,0,0
Letos/gui/constraints/columncheckpanel.h,28,2,1,2,0,0,0,0
Letos/gui/constraints/columncollatepanel.cpp,110,2,0,3,0,0,0,0
Letos/gui/constraints/columncollatepanel.h,41,1,1,0,0,0,0,0
Letos/gui/constraints/columncollatepanel.ui,88,7,0,0,0,0,0,0
Letos/gui/constraints/columndefaultpanel.cpp,280,2,0,15,0,0,0,0
Letos/gui/constraints/columndefaultpanel.h,56,2,1,2,0,0,0,0
Letos/gui/constraints/columndefaultpanel.ui,57,5,0,0,0,0,0,0
Letos/gui/constraints/columnforeignkeypanel.cpp,317,4,0,13,0,0,0,0
Letos/gui/constraints/columnforeignkeypanel.h,50,2,1,3,0,0,0,0
Letos/gui/constraints/columnforeignkeypanel.ui,148,18,0,0,0,0,0,0
Letos/gui/constraints/columngeneratedpanel.cpp,227,2,0,13,0,0,0,0
Letos/gui/constraints/columngeneratedpanel.h,45,2,1,2,0,0,0,0
Letos/gui/constraints/columngeneratedpanel.ui,93,10,0,0,0,0,0,0
Letos/gui/constraints/columnnotnullpanel.cpp,14,1,0,0,0,0,0,0
Letos/gui/constraints/columnnotnullpanel.h,18,1,1,0,0,0,0,0
Letos/gui/constraints/columnprimarykeypanel.cpp,131,2,0,3,0,0,0,0
Letos/gui/constraints/columnprimarykeypanel.h,37,1,1,0,0,0,0,0
Letos/gui/constraints/columnprimarykeypanel.ui,133,11,0,0,0,0,0,0
Letos/gui/constraints/columnuniqueandnotnullpanel.cpp,102,2,0,1,0,0,0,0
Letos/gui/constraints/columnuniqueandnotnullpanel.h,38,1,1,0,0,0,0,0
Letos/gui/constraints/columnuniqueandnotnullpanel.ui,91,7,0,0,0,0,0,0
Letos/gui/constraints/columnuniquepanel.cpp,14,1,0,0,0,0,0,0
Letos/gui/constraints/columnuniquepanel.h,23,1,1,0,0,0,0,0
Letos/gui/constraints/constraintcheckpanel.cpp,163,2,0,6,0,0,0,0
Letos/gui/constraints/constraintcheckpanel.h,50,2,1,3,0,0,0,0
Letos/gui/constraints/constraintcheckpanel.ui,73,8,0,0,0,0,0,0
Letos/gui/constraints/constraintpanel.cpp,114,2,0,2,0,0,0,0
Letos/gui/constraints/constraintpanel.h,97,3,1,5,0,0,0,0
Letos/gui/constraints/tablecheckpanel.cpp,57,1,0,2,0,0,0,0
Letos/gui/constraints/tablecheckpanel.h,28,2,1,2,0,0,0,0
Letos/gui/constraints/tableforeignkeypanel.cpp,480,34,0,14,0,0,0,0
Letos/gui/constraints/tableforeignkeypanel.h,61,4,1,5,0,0,0,0
Letos/gui/constraints/tableforeignkeypanel.ui,194,19,0,0,0,0,0,0
Letos/gui/constraints/tablepkanduniquepanel.cpp,280,32,0,8,0,0,0,0
Letos/gui/constraints/tablepkanduniquepanel.h,64,1,1,1,0,0,0,0
Letos/gui/constraints/tablepkanduniquepanel.ui,229,13,0,0,0,0,0,0
Letos/gui/constraints/tableprimarykeypanel.cpp,85,4,0,2,0,0,0,0
Letos/gui/constraints/tableprimarykeypanel.h,24,1,1,0,0,0,0,0
Letos/gui/constraints/tableprimarykeypanel.ui,103,9,0,0,0,0,0,0
Letos/gui/constraints/tableuniquepanel.cpp,22,1,0,0,0,0,0,0
Letos/gui/constraints/tableuniquepanel.h,17,1,1,0,0,0,0,0
Letos/gui/datagrid/cellrendererplugin.h,61,0,0,2,0,0,0,0
Letos/gui/datagrid/fkcombobox.cpp,426,6,3,52,0,0,0,0
Letos/gui/datagrid/fkcombobox.h,65,3,3,19,0,0,0,0
Letos/gui/datagrid/sqldatasourcequerymodel.cpp,153,0,1,25,0,0,0,0
Letos/gui/datagrid/sqldatasourcequerymodel.h,48,0,1,22,0,0,0,0
Letos/gui/datagrid/sqlqueryitem.cpp,477,2,4,60,0,0,0,0
Letos/gui/datagrid/sqlqueryitem.h,111,0,3,20,0,0,0,0
Letos/gui/datagrid/sqlqueryitemdelegate.cpp,329,28,5,12,0,0,0,0
Letos/gui/datagrid/sqlqueryitemdelegate.h,59,14,3,4,0,0,0,0
Letos/gui/datagrid/sqlqueryitemlineedit.cpp,15,4,0,2,0,0,0,0
Letos/gui/datagrid/sqlqueryitemlineedit.h,22,3,1,0,0,0,0,0
Letos/gui/datagrid/sqlquerymodel.cpp,2415,8,30,266,0,0,0,0
Letos/gui/datagrid/sqlquerymodel.h,650,0,2,159,0,0,0,0
Letos/gui/datagrid/sqlquerymodelcolumn.cpp,599,0,19,36,0,0,0,0
Letos/gui/datagrid/sqlquerymodelcolumn.h,219,0,0,45,0,0,0,0
Letos/gui/datagrid/sqlqueryrownummodel.cpp,63,0,1,4,0,0,0,0
Letos/gui/datagrid/sqlqueryrownummodel.h,28,0,2,2,0,0,0,0
Letos/gui/datagrid/sqlqueryview.cpp,1636,58,6,132,0,0,0,1
Letos/gui/datagrid/sqlqueryview.h,250,17,19,21,0,0,0,0
Letos/gui/datagrid/sqltablemodel.cpp,263,1,1,56,0,0,0,0
Letos/gui/datagrid/sqltablemodel.h,52,0,2,28,0,0,0,0
Letos/gui/datagrid/sqlviewmodel.cpp,29,0,1,7,0,0,0,0
Letos/gui/datagrid/sqlviewmodel.h,25,0,1,7,0,0,0,0
Letos/gui/dbtree/dbtree.cpp,2573,34,3,146,0,0,0,1
Letos/gui/dbtree/dbtree.h,296,9,15,43,0,0,0,0
Letos/gui/dbtree/dbtree.ui,71,4,0,0,0,0,0,0
Letos/gui/dbtree/dbtreeitem.cpp,410,0,5,45,0,0,0,0
Letos/gui/dbtree/dbtreeitem.h,127,0,5,28,0,0,0,0
Letos/gui/dbtree/dbtreeitemdelegate.cpp,203,6,1,10,0,0,0,0
Letos/gui/dbtree/dbtreeitemdelegate.h,36,4,1,3,0,0,0,0
Letos/gui/dbtree/dbtreeitemfactory.cpp,81,0,20,10,0,0,0,0
Letos/gui/dbtree/dbtreeitemfactory.h,28,0,15,10,0,0,0,0
Letos/gui/dbtree/dbtreemodel.cpp,1558,25,3,178,0,0,0,0
Letos/gui/dbtree/dbtreemodel.h,163,4,2,82,0,0,0,0
Letos/gui/dbtree/dbtreeview.cpp,480,12,1,7,0,0,0,1
Letos/gui/dbtree/dbtreeview.h,87,5,1,3,0,0,0,0
Letos/gui/dialogs/aboutdialog.cpp,139,4,0,33,0,0,1,0
Letos/gui/dialogs/aboutdialog.h,40,3,1,10,0,0,0,0
Letos/gui/dialogs/aboutdialog.ui,253,23,0,0,0,0,0,0
Letos/gui/dialogs/bindparamsdialog.cpp,262,14,0,57,0,0,0,0
Letos/gui/dialogs/bindparamsdialog.h,57,6,1,26,0,0,0,0
Letos/gui/dialogs/bindparamsdialog.ui,123,5,0,0,0,0,0,0
Letos/gui/dialogs/columndialog.cpp,885,18,0,21,0,0,0,0
Letos/gui/dialogs/columndialog.h,129,7,1,2,0,0,0,0
Letos/gui/dialogs/columndialog.ui,430,25,0,0,0,0,0,0
Letos/gui/dialogs/columndialogconstraintsmodel.cpp,348,0,6,19,0,0,0,0
Letos/gui/dialogs/columndialogconstraintsmodel.h,60,0,2,16,0,0,0,0
Letos/gui/dialogs/configdialog.cpp,2089,68,1,160,0,0,0,0
Letos/gui/dialogs/configdialog.h,202,23,1,47,0,0,0,0
Letos/gui/dialogs/configdialog.ui,3269,106,0,0,0,0,0,0
Letos/gui/dialogs/constraintdialog.cpp,222,6,0,0,0,0,0,0
Letos/gui/dialogs/constraintdialog.h,82,5,1,5,0,0,0,0
Letos/gui/dialogs/constraintdialog.ui,114,5,0,0,0,0,0,0
Letos/gui/dialogs/cssdebugdialog.cpp,56,4,0,0,0,0,0,0
Letos/gui/dialogs/cssdebugdialog.h,34,3,1,1,0,0,0,0
Letos/gui/dialogs/cssdebugdialog.ui,68,2,0,0,0,0,0,0
Letos/gui/dialogs/dbdialog.cpp,875,41,0,60,0,0,0,0
Letos/gui/dialogs/dbdialog.h,105,11,1,26,0,0,0,0
Letos/gui/dialogs/dbdialog.ui,247,10,0,0,0,0,0,0
Letos/gui/dialogs/ddlpreviewdialog.cpp,74,7,0,7,0,0,0,0
Letos/gui/dialogs/ddlpreviewdialog.h,39,3,1,2,0,0,0,0
Letos/gui/dialogs/ddlpreviewdialog.ui,117,5,0,0,0,0,0,0
Letos/gui/dialogs/errorsconfirmdialog.cpp,48,2,0,11,0,0,0,0
Letos/gui/dialogs/errorsconfirmdialog.h,29,3,1,8,0,0,0,0
Letos/gui/dialogs/errorsconfirmdialog.ui,86,3,0,0,0,0,0,0
Letos/gui/dialogs/execfromfiledialog.cpp,189,7,0,15,0,0,0,0
Letos/gui/dialogs/execfromfiledialog.h,46,3,1,2,0,0,0,0
Letos/gui/dialogs/execfromfiledialog.ui,177,6,0,0,0,0,0,0
Letos/gui/dialogs/exportdialog.cpp,1044,15,6,57,0,0,0,0
Letos/gui/dialogs/exportdialog.h,126,6,1,19,0,0,0,0
Letos/gui/dialogs/exportdialog.ui,584,40,0,0,0,0,0,0
Letos/gui/dialogs/fileexecerrorsdialog.cpp,36,2,0,8,0,0,0,0
Letos/gui/dialogs/fileexecerrorsdialog.h,28,3,1,5,0,0,0,0
Letos/gui/dialogs/fileexecerrorsdialog.ui,133,4,0,0,0,0,0,0
Letos/gui/dialogs/importdialog.cpp,454,11,1,28,0,0,0,0
Letos/gui/dialogs/importdialog.h,77,4,1,5,0,0,0,0
Letos/gui/dialogs/importdialog.ui,244,17,0,0,0,0,0,0
Letos/gui/dialogs/indexdialog.cpp,914,34,0,53,0,0,2,0
Letos/gui/dialogs/indexdialog.h,164,23,1,22,0,0,0,0
Letos/gui/dialogs/indexdialog.ui,261,11,0,0,0,0,0,0
Letos/gui/dialogs/indexexprcolumndialog.cpp,152,6,0,9,0,0,0,0
Letos/gui/dialogs/indexexprcolumndialog.h,49,4,1,6,0,0,0,0
Letos/gui/dialogs/indexexprcolumndialog.ui,84,2,0,0,0,0,0,0
Letos/gui/dialogs/languagedialog.cpp,52,2,0,6,0,0,0,0
Letos/gui/dialogs/languagedialog.h,35,3,1,6,0,0,0,0
Letos/gui/dialogs/languagedialog.ui,78,3,0,0,0,0,0,0
Letos/gui/dialogs/manualcommitpendingtxdialog.cpp,23,2,0,1,0,0,0,0
Letos/gui/dialogs/manualcommitpendingtxdialog.h,29,3,1,1,0,0,0,0
Letos/gui/dialogs/manualcommitpendingtxdialog.ui,79,3,0,0,0,0,0,0
Letos/gui/dialogs/manualcommitwalmodedialog.cpp,27,3,0,1,0,0,0,0
Letos/gui/dialogs/manualcommitwalmodedialog.h,26,3,1,1,0,0,0,0
Letos/gui/dialogs/manualcommitwalmodedialog.ui,72,3,0,0,0,0,0,0
Letos/gui/dialogs/messagelistdialog.cpp,98,5,0,6,0,0,0,0
Letos/gui/dialogs/messagelistdialog.h,38,4,1,6,0,0,0,0
Letos/gui/dialogs/messagelistdialog.ui,85,2,0,0,0,0,0,0
Letos/gui/dialogs/newconstraintdialog.cpp,298,9,0,1,0,0,0,0
Letos/gui/dialogs/newconstraintdialog.h,71,6,1,6,0,0,0,0
Letos/gui/dialogs/newconstraintdialog.ui,76,2,0,0,0,0,0,0
Letos/gui/dialogs/newversiondialog.cpp,61,3,0,2,0,0,0,0
Letos/gui/dialogs/newversiondialog.h,41,3,1,3,0,0,0,0
Letos/gui/dialogs/newversiondialog.ui,128,5,0,0,0,0,0,0
Letos/gui/dialogs/populateconfigdialog.cpp,123,12,0,14,0,0,0,0
Letos/gui/dialogs/populateconfigdialog.h,49,4,1,9,0,0,0,0
Letos/gui/dialogs/populateconfigdialog.ui,100,3,0,0,0,0,0,0
Letos/gui/dialogs/populatedialog.cpp,414,16,0,35,0,0,0,0
Letos/gui/dialogs/populatedialog.h,86,10,1,18,0,0,0,0
Letos/gui/dialogs/populatedialog.ui,203,5,0,0,0,0,0,0
Letos/gui/dialogs/quitconfirmdialog.cpp,43,3,0,3,0,0,0,0
Letos/gui/dialogs/quitconfirmdialog.h,30,3,1,2,0,0,0,0
Letos/gui/dialogs/quitconfirmdialog.ui,82,3,0,0,0,0,0,0
Letos/gui/dialogs/searchtextdialog.cpp,97,3,0,1,0,0,0,0
Letos/gui/dialogs/searchtextdialog.h,42,3,1,0,0,0,0,0
Letos/gui/dialogs/searchtextdialog.ui,178,14,0,0,0,0,0,0
Letos/gui/dialogs/settingsexportdialog.cpp,64,5,0,3,0,0,0,0
Letos/gui/dialogs/settingsexportdialog.h,36,3,1,0,0,0,0,0
Letos/gui/dialogs/settingsexportdialog.ui,165,6,0,0,0,0,0,0
Letos/gui/dialogs/settingsimportdialog.cpp,124,7,0,7,0,0,0,0
Letos/gui/dialogs/settingsimportdialog.h,39,3,1,1,0,0,0,0
Letos/gui/dialogs/settingsimportdialog.ui,179,6,0,0,0,0,0,0
Letos/gui/dialogs/sortdialog.cpp,248,14,0,7,0,0,0,0
Letos/gui/dialogs/sortdialog.h,61,4,1,2,0,0,0,0
Letos/gui/dialogs/sortdialog.ui,113,3,0,0,0,0,0,0
Letos/gui/dialogs/triggercolumnsdialog.cpp,74,10,0,3,0,0,0,0
Letos/gui/dialogs/triggercolumnsdialog.h,40,5,1,3,0,0,0,0
Letos/gui/dialogs/triggercolumnsdialog.ui,186,3,0,0,0,0,0,0
Letos/gui/dialogs/triggerdialog.cpp,431,12,0,32,0,0,0,0
Letos/gui/dialogs/triggerdialog.h,69,3,1,15,0,0,0,0
Letos/gui/dialogs/triggerdialog.ui,222,19,0,0,0,0,0,0
Letos/gui/dialogs/versionconvertsummarydialog.cpp,32,3,0,4,0,0,0,0
Letos/gui/dialogs/versionconvertsummarydialog.h,29,3,1,4,0,0,0,0
Letos/gui/dialogs/versionconvertsummarydialog.ui,92,2,0,0,0,0,0,0
Letos/gui/forms/sqlformatterplugin.ui,47,2,0,0,0,0,0,0
Letos/gui/multieditor/multieditor.cpp,824,28,6,62,0,0,0,0
Letos/gui/multieditor/multieditor.h,178,11,2,20,0,0,0,0
Letos/gui/multieditor/multieditorbool.cpp,229,7,1,10,0,0,0,0
Letos/gui/multieditor/multieditorbool.h,73,4,2,8,0,0,0,0
Letos/gui/multieditor/multieditordate.cpp,91,1,0,4,0,0,0,0
Letos/gui/multieditor/multieditordate.h,39,1,2,4,0,0,0,0
Letos/gui/multieditor/multieditordatetime.cpp,278,9,4,23,0,0,0,0
Letos/gui/multieditor/multieditordatetime.h,85,4,2,15,0,0,0,0
Letos/gui/multieditor/multieditordialog.cpp,89,3,0,3,0,0,0,0
Letos/gui/multieditor/multieditordialog.h,37,3,1,3,0,0,0,0
Letos/gui/multieditor/multieditorfk.cpp,104,9,0,9,0,0,0,0
Letos/gui/multieditor/multieditorfk.h,40,2,1,4,0,0,0,0
Letos/gui/multieditor/multieditorhex.cpp,104,2,1,9,0,0,0,0
Letos/gui/multieditor/multieditorhex.h,51,1,2,7,0,0,0,0
Letos/gui/multieditor/multieditornumeric.cpp,114,3,0,7,0,0,0,0
Letos/gui/multieditor/multieditornumeric.h,45,2,2,5,0,0,0,0
Letos/gui/multieditor/multieditortext.cpp,205,13,1,8,0,0,0,0
Letos/gui/multieditor/multieditortext.h,90,7,9,5,0,0,0,0
Letos/gui/multieditor/multieditortime.cpp,94,1,0,4,0,0,0,0
Letos/gui/multieditor/multieditortime.h,40,1,2,4,0,0,0,0
Letos/gui/multieditor/multieditorwidget.cpp,49,3,3,4,0,0,0,0
Letos/gui/multieditor/multieditorwidget.h,61,5,2,7,0,0,0,0
Letos/gui/multieditor/multieditorwidgetplugin.h,54,0,0,2,0,0,0,0
Letos/gui/qhexedit2/commands.cpp,116,0,0,1,0,0,0,0
Letos/gui/qhexedit2/commands.h,71,0,0,5,0,0,0,0
Letos/gui/qhexedit2/qhexedit.cpp,181,1,0,8,0,0,0,0
Letos/gui/qhexedit2/qhexedit.h,231,2,1,12,0,0,0,0
Letos/gui/qhexedit2/qhexedit_p.cpp,884,6,14,23,0,0,0,0
Letos/gui/qhexedit2/qhexedit_p.h,129,1,1,10,0,0,0,0
Letos/gui/qhexedit2/xbytearray.cpp,168,0,0,26,0,0,0,0
Letos/gui/qhexedit2/xbytearray.h,68,0,0,16,0,0,0,0
Letos/gui/windows/codesnippeteditor.cpp,424,2,0,16,0,0,0,0
Letos/gui/windows/codesnippeteditor.h,102,3,4,7,0,0,0,0
Letos/gui/windows/codesnippeteditor.ui,279,14,0,0,0,0,0,0
Letos/gui/windows/codesnippeteditormodel.cpp,340,0,3,16,0,0,0,0
Letos/gui/windows/codesnippeteditormodel.h,82,0,2,10,0,0,0,0
Letos/gui/windows/collationseditor.cpp,508,5,0,21,0,0,0,0
Letos/gui/windows/collationseditor.h,105,3,4,10,0,0,0,0
Letos/gui/windows/collationseditor.ui,292,17,0,0,0,0,0,0
Letos/gui/windows/collationseditormodel.cpp,297,0,3,16,0,0,0,0
Letos/gui/windows/collationseditormodel.h,74,0,2,12,0,0,0,0
Letos/gui/windows/constrainttabmodel.cpp,407,0,1,36,0,0,0,0
Letos/gui/windows/constrainttabmodel.h,72,0,2,26,0,0,0,0
Letos/gui/windows/ddlhistorywindow.cpp,156,8,0,20,0,0,0,0
Letos/gui/windows/ddlhistorywindow.h,56,2,1,5,0,0,0,0
Letos/gui/windows/ddlhistorywindow.ui,143,6,0,0,0,0,0,0
Letos/gui/windows/editorwindow.cpp,1351,23,3,77,0,0,0,0
Letos/gui/windows/editorwindow.h,228,8,14,21,0,0,0,0
Letos/gui/windows/editorwindow.ui,210,14,0,0,0,0,0,0
Letos/gui/windows/functionseditor.cpp,802,4,0,37,0,0,0,0
Letos/gui/windows/functionseditor.h,137,3,4,14,0,0,0,0
Letos/gui/windows/functionseditor.ui,443,34,0,0,0,0,0,0
Letos/gui/windows/functionseditormodel.cpp,394,0,3,19,0,0,0,0
Letos/gui/windows/functionseditormodel.h,101,0,2,15,0,0,0,0
Letos/gui/windows/sqliteextensioneditor.cpp,505,4,0,39,0,0,5,0
Letos/gui/windows/sqliteextensioneditor.h,115,4,4,13,0,0,0,0
Letos/gui/windows/sqliteextensioneditor.ui,235,13,0,0,0,0,0,0
Letos/gui/windows/sqliteextensioneditormodel.cpp,226,0,2,8,0,0,0,0
Letos/gui/windows/sqliteextensioneditormodel.h,60,0,2,10,0,0,0,0
Letos/gui/windows/tableconstraintsmodel.cpp,487,0,15,27,0,0,0,0
Letos/gui/windows/tableconstraintsmodel.h,75,0,2,17,0,0,0,0
Letos/gui/windows/tablestructuremodel.cpp,737,1,14,58,0,0,0,0
Letos/gui/windows/tablestructuremodel.h,97,0,2,24,0,0,0,0
Letos/gui/windows/tablewindow.cpp,1919,44,3,116,0,0,0,0
Letos/gui/windows/tablewindow.h,278,7,23,34,0,0,0,0
Letos/gui/windows/tablewindow.ui,358,21,0,0,0,0,0,0
Letos/gui/windows/viewwindow.cpp,1198,27,1,86,0,0,0,0
Letos/gui/windows/viewwindow.h,190,8,12,25,0,0,0,0
Letos/gui/windows/viewwindow.ui,262,16,0,0,0,0,0,0
Letos/core/common/bigdec.cpp,257,0,0,31,0,0,0,0
Letos/core/common/bigdec.h,37,0,0,20,0,0,0,0
Letos/core/common/bihash.h,303,0,0,18,0,0,0,0
Letos/core/common/bistrhash.cpp,248,0,0,53,0,0,0,0
Letos/core/common/bistrhash.h,221,0,0,53,0,0,0,0
Letos/core/common/blockingsocket.cpp,98,0,10,13,1,0,0,0
Letos/core/common/blockingsocket.h,45,0,4,9,2,0,0,0
Letos/core/common/collections.cpp,15,0,0,1,0,0,0,0
Letos/core/common/collections.h,493,0,0,90,0,0,0,0
Letos/core/common/column.cpp,98,0,0,23,0,0,0,0
Letos/core/common/column.h,61,0,0,17,0,0,0,0
Letos/core/common/expiringcache.h,159,0,0,23,0,0,0,0
Letos/core/common/global.h,91,0,0,1,0,0,0,0
Letos/core/common/lazytrigger.cpp,38,0,3,3,0,0,0,0
Letos/core/common/lazytrigger.h,35,0,5,2,0,0,0,0
Letos/core/common/memoryusage.cpp,89,0,0,7,0,0,0,0
Letos/core/common/nulldevice.cpp,20,0,1,1,0,0,0,0
Letos/core/common/nulldevice.h,16,0,1,2,0,0,0,0
Letos/core/common/objectpool.h,86,0,0,4,0,0,0,0
Letos/core/common/readwritelocker.cpp,61,0,0,2,0,0,0,0
Letos/core/common/readwritelocker.h,65,0,0,2,0,0,0,0
Letos/core/common/signalwait.cpp,43,0,3,2,0,0,0,0
Letos/core/common/signalwait.h,27,0,5,0,0,0,0,0
Letos/core/common/sortedhash.h,165,0,0,31,0,0,0,0
Letos/core/common/sortedset.h,65,0,0,4,0,0,0,0
Letos/core/common/strhash.h,198,0,0,38,0,0,0,0
Letos/core/common/table.cpp,133,0,0,23,0,0,0,0
Letos/core/common/table.h,87,0,0,17,0,0,0,0
Letos/core/common/threadwitheventloop.cpp,18,0,1,1,0,0,0,0
Letos/core/common/threadwitheventloop.h,20,0,3,2,0,0,0,0
Letos/core/common/utils.cpp,1273,0,6,282,0,0,3,1
Letos/core/common/utils.h,340,0,0,165,0,0,0,0
Letos/core/common/utils_sql.cpp,966,0,0,177,0,0,0,0
Letos/core/common/utils_sql.h,101,0,0,102,0,0,0,0
Letos/core/common/xmldeserializer.cpp,84,0,0,16,0,0,0,0
Letos/core/common/xmldeserializer.h,32,0,0,22,0,0,0,0
Letos/core/config_builder/cfgcategory.cpp,119,0,4,8,0,0,0,0
Letos/core/config_builder/cfgcategory.h,56,0,3,15,0,0,0,0
Letos/core/config_builder/cfgentry.cpp,268,0,6,21,0,0,0,0
Letos/core/config_builder/cfgentry.h,159,0,4,52,0,0,0,0
Letos/core/config_builder/cfglazyinitializer.cpp,28,0,0,3,0,0,0,0
Letos/core/config_builder/cfglazyinitializer.h,24,0,0,2,0,0,0,0
Letos/core/config_builder/cfgmain.cpp,234,0,1,59,0,0,0,0
Letos/core/config_builder/cfgmain.h,74,0,0,31,0,0,0,0
Letos/core/db/abstractdb.cpp,1137,0,11,188,0,0,3,0
Letos/core/db/abstractdb.h,552,0,2,135,0,0,1,0
Letos/core/db/abstractdb3.h,1466,0,5,186,0,0,0,0
Letos/core/db/asyncqueryrunner.cpp,63,0,2,2,0,0,0,0
Letos/core/db/asyncqueryrunner.h,127,0,2,21,0,0,0,0
Letos/core/db/attachguard.cpp,21,0,0,2,0,0,0,0
Letos/core/db/attachguard.h,25,0,0,5,0,0,0,0
Letos/core/db/chainexecutor.cpp,325,0,18,13,0,0,0,0
Letos/core/db/chainexecutor.h,410,0,6,20,0,0,0,0
Letos/core/db/db.cpp,51,0,0,2,0,0,0,0
Letos/core/db/db.h,987,0,8,101,0,0,3,0
Letos/core/db/dbpluginoption.h,115,9,0,16,0,0,0,0
Letos/core/db/dbsqlite3.cpp,42,0,0,16,0,0,0,0
Letos/core/db/dbsqlite3.h,39,0,0,10,0,0,1,0
Letos/core/db/invaliddb.cpp,430,0,0,88,0,0,0,0
Letos/core/db/invaliddb.h,97,0,0,86,0,0,0,0
Letos/core/db/queryexecutor.cpp,1045,0,8,54,0,0,2,0
Letos/core/db/queryexecutor.h,1607,0,5,87,0,0,0,0
Letos/core/db/sqlerrorcodes.cpp,14,0,0,0,0,0,5,0
Letos/core/db/sqlerrorcodes.h,40,0,0,0,0,0,1,0
Letos/core/db/sqlerrorresults.cpp,55,0,0,9,0,0,0,0
Letos/core/db/sqlerrorresults.h,49,0,0,10,0,0,0,0
Letos/core/db/sqlquery.cpp,225,0,0,37,0,0,0,0
Letos/core/db/sqlquery.h,331,0,0,39,0,0,0,0
Letos/core/db/sqlresultsrow.cpp,43,0,0,10,0,0,0,0
Letos/core/db/sqlresultsrow.h,103,0,0,23,0,0,0,0
Letos/core/db/stdsqlite3driver.h,118,0,0,0,0,0,97,0
Letos/core/diff/diff_match_patch.cpp,2114,0,0,270,0,0,0,0
Letos/core/diff/diff_match_patch.h,632,0,0,132,0,0,0,0
Letos/core/impl/dbattacherimpl.cpp,224,0,1,17,0,0,0,0
Letos/core/impl/dbattacherimpl.h,97,0,0,6,0,0,0,0
Letos/core/parser/keywords.cpp,252,0,0,28,0,0,1,0
Letos/core/parser/keywords.h,134,0,0,17,0,0,0,0
Letos/core/parser/lemon.c,5045,0,0,0,0,0,0,1
Letos/core/parser/lempar.c,1033,0,0,12,0,0,0,0
Letos/core/parser/lexer.cpp,292,0,0,20,0,0,1,0
Letos/core/parser/lexer.h,252,0,0,20,0,0,0,0
Letos/core/parser/lexer_low_lev.cpp,579,0,0,8,0,0,1,0
Letos/core/parser/lexer_low_lev.h,30,0,0,3,0,0,1,0
Letos/core/parser/parser.cpp,266,0,0,11,0,0,16,0
Letos/core/parser/parser.h,339,0,0,11,0,0,1,0
Letos/core/parser/parser_helper_stubs.cpp,88,0,0,8,0,0,0,0
Letos/core/parser/parser_helper_stubs.h,164,0,0,43,0,0,0,0
Letos/core/parser/parsercontext.cpp,239,0,2,21,0,0,0,0
Letos/core/parser/parsercontext.h,305,0,0,21,0,0,0,0
Letos/core/parser/parsererror.cpp,45,0,0,6,0,0,0,0
Letos/core/parser/parsererror.h,81,0,0,8,0,0,0,0
Letos/core/parser/run_lemon.sh,6,0,0,0,0,0,4,0
Letos/core/parser/sqlite3_parse.cpp,6659,0,3,55,0,0,41,0
Letos/core/parser/sqlite3_parse.y,3190,0,3,70,0,0,1,10
Letos/core/parser/statementtokenbuilder.cpp,232,0,0,21,0,0,0,0
Letos/core/parser/statementtokenbuilder.h,301,0,0,17,0,0,0,0
Letos/core/parser/token.cpp,723,0,0,46,0,0,0,0
Letos/core/parser/token.h,783,0,0,43,0,0,1,0
Letos/core/plugins/builtinplugin.cpp,59,0,0,7,0,0,0,0
Letos/core/plugins/builtinplugin.h,149,0,3,8,0,0,0,0
Letos/core/plugins/codeformatterplugin.h,17,0,0,3,0,0,0,0
Letos/core/plugins/confignotifiableplugin.h,15,0,0,2,0,0,0,0
Letos/core/plugins/dbplugin.h,74,1,0,10,0,0,0,0
Letos/core/plugins/dbpluginsqlite3.cpp,59,0,0,11,0,0,0,0
Letos/core/plugins/dbpluginsqlite3.h,26,0,1,10,0,0,0,0
Letos/core/plugins/dbpluginstdfilebase.cpp,39,0,0,8,0,0,0,0
Letos/core/plugins/dbpluginstdfilebase.h,17,0,0,13,0,0,0,0
Letos/core/plugins/exportplugin.h,428,1,0,41,0,0,0,0
Letos/core/plugins/genericexportplugin.cpp,176,0,0,12,0,0,0,0
Letos/core/plugins/genericexportplugin.h,64,0,1,8,0,0,0,0
Letos/core/plugins/genericplugin.cpp,68,0,0,6,0,0,0,0
Letos/core/plugins/genericplugin.h,127,0,4,13,0,0,0,0
Letos/core/plugins/importplugin.h,133,3,0,15,0,0,0,0
Letos/core/plugins/plugin.h,183,0,3,7,0,0,0,0
Letos/core/plugins/pluginsymbolresolver.cpp,46,0,0,9,0,0,0,0
Letos/core/plugins/pluginsymbolresolver.h,25,0,0,5,0,0,0,0
Letos/core/plugins/plugintype.cpp,53,0,0,8,0,0,0,0
Letos/core/plugins/plugintype.h,65,0,1,15,0,0,0,0
Letos/core/plugins/populateconstant.cpp,48,0,0,4,0,0,0,0
Letos/core/plugins/populateconstant.h,45,0,1,6,0,0,0,0
Letos/core/plugins/populateconstant.ui,38,2,0,0,0,0,0,0
Letos/core/plugins/populatedictionary.cpp,96,0,2,15,0,0,0,0
Letos/core/plugins/populatedictionary.h,53,0,1,9,0,0,0,0
Letos/core/plugins/populatedictionary.ui,124,2,0,0,0,0,0,0
Letos/core/plugins/populateplugin.h,71,1,0,4,0,0,0,0
Letos/core/plugins/populaterandom.cpp,56,0,1,7,0,0,0,0
Letos/core/plugins/populaterandom.h,50,0,1,8,0,0,0,0
Letos/core/plugins/populaterandom.ui,107,3,0,0,0,0,0,0
Letos/core/plugins/populaterandomtext.cpp,93,0,2,4,0,0,0,0
Letos/core/plugins/populaterandomtext.h,55,0,1,7,0,0,0,0
Letos/core/plugins/populaterandomtext.ui,182,6,0,0,0,0,0,0
Letos/core/plugins/populatescript.cpp,151,0,6,13,0,0,0,0
Letos/core/plugins/populatescript.h,64,0,1,13,0,0,0,0
Letos/core/plugins/populatescript.ui,113,4,0,0,0,0,0,0
Letos/core/plugins/populatesequence.cpp,53,0,0,5,0,0,0,0
Letos/core/plugins/populatesequence.h,48,0,1,4,0,0,0,0
Letos/core/plugins/populatesequence.ui,65,3,0,0,0,0,0,0
Letos/core/plugins/scriptingplugin.h,63,0,0,41,0,0,0,0
Letos/core/plugins/scriptingqt.cpp,298,0,1,51,0,14,0,0
Letos/core/plugins/scriptingqt.h,91,0,3,37,0,10,0,0
Letos/core/plugins/scriptingqtdbproxy.cpp,146,0,2,76,0,7,0,0
Letos/core/plugins/scriptingqtdbproxy.h,46,0,4,46,0,6,0,0
Letos/core/plugins/scriptingsql.cpp,179,0,0,39,0,0,0,0
Letos/core/plugins/scriptingsql.h,51,0,1,24,0,0,0,0
Letos/core/plugins/sqlformatterplugin.cpp,27,0,0,4,0,0,0,0
Letos/core/plugins/sqlformatterplugin.h,17,0,0,4,0,0,0,0
Letos/core/plugins/uiconfiguredplugin.h,57,0,0,1,0,0,0,0
Letos/core/services/codeformatter.cpp,93,0,0,17,0,0,0,0
Letos/core/services/codeformatter.h,32,0,0,13,0,0,0,0
Letos/core/services/codesnippetmanager.cpp,175,0,3,12,0,0,0,0
Letos/core/services/codesnippetmanager.h,50,0,3,11,0,0,0,0
Letos/core/services/collationmanager.h,62,0,5,20,0,0,0,0
Letos/core/services/config.cpp,90,0,0,22,0,0,0,0
Letos/core/services/config.h,233,0,3,116,0,0,0,0
Letos/core/services/dbmanager.cpp,18,0,2,2,0,0,0,0
Letos/core/services/dbmanager.h,310,0,5,37,0,0,0,0
Letos/core/services/exportmanager.cpp,313,0,21,30,0,0,0,0
Letos/core/services/exportmanager.h,245,0,3,31,0,0,0,0
Letos/core/services/extralicensemanager.cpp,118,0,0,30,0,0,0,0
Letos/core/services/extralicensemanager.h,46,0,0,25,0,0,0,0
Letos/core/services/functionmanager.cpp,59,0,0,8,0,0,0,0
Letos/core/services/functionmanager.h,87,0,3,54,0,0,0,0
Letos/core/services/importmanager.cpp,110,0,8,9,0,0,0,0
Letos/core/services/importmanager.h,90,0,1,9,0,0,0,0
Letos/core/services/notifymanager.cpp,94,0,10,27,0,0,0,0
Letos/core/services/notifymanager.h,61,0,4,47,0,0,0,0
Letos/core/services/pluginmanager.h,553,0,2,54,0,0,0,0
Letos/core/services/populatemanager.cpp,95,0,7,5,0,0,0,0
Letos/core/services/populatemanager.h,50,0,3,9,0,0,0,0
Letos/core/services/sqliteextensionmanager.h,51,0,3,14,0,0,1,0
Letos/core/services/updatemanager.cpp,103,0,9,11,9,0,0,0
Letos/core/services/updatemanager.h,47,0,4,6,4,0,0,0
Letos/core/services/impl/collationmanagerimpl.cpp,177,0,2,26,0,0,0,0
Letos/core/services/impl/collationmanagerimpl.h,40,0,0,19,0,0,0,0
Letos/core/services/impl/configimpl.cpp,1462,1,9,243,0,0,1,0
Letos/core/services/impl/configimpl.h,180,0,1,121,0,0,0,0
Letos/core/services/impl/dbmanagerimpl.cpp,650,0,20,79,0,0,0,0
Letos/core/services/impl/dbmanagerimpl.h,186,0,4,46,0,0,0,0
Letos/core/services/impl/functionmanagerimpl.cpp,971,0,2,266,0,0,0,0
Letos/core/services/impl/functionmanagerimpl.h,121,0,1,182,0,0,0,0
Letos/core/services/impl/pluginmanagerimpl.cpp,864,0,7,95,0,0,0,0
Letos/core/services/impl/pluginmanagerimpl.h,349,0,1,63,0,0,0,0
Letos/core/services/impl/sqliteextensionmanagerimpl.cpp,149,0,2,27,0,0,2,0
Letos/core/services/impl/sqliteextensionmanagerimpl.h,30,0,0,8,0,0,0,0
Letos/core/parser/ast/sqlitealtertable.cpp,265,0,0,35,0,0,0,0
Letos/core/parser/ast/sqlitealtertable.h,71,0,1,47,0,0,0,0
Letos/core/parser/ast/sqliteanalyze.cpp,81,0,0,6,0,0,0,0
Letos/core/parser/ast/sqliteanalyze.h,32,0,1,11,0,0,0,0
Letos/core/parser/ast/sqliteattach.h,31,0,1,1,0,0,0,0
Letos/core/parser/ast/sqlitebegintrans.cpp,71,0,0,5,0,0,0,0
Letos/core/parser/ast/sqlitebegintrans.h,40,0,1,6,0,0,2,0
Letos/core/parser/ast/sqlitecolumntype.cpp,90,0,0,6,0,0,0,0
Letos/core/parser/ast/sqlitecolumntype.h,33,0,1,14,0,0,0,0
Letos/core/parser/ast/sqlitecommittrans.cpp,49,0,0,1,0,0,0,0
Letos/core/parser/ast/sqlitecommittrans.h,28,0,1,5,0,0,0,0
Letos/core/parser/ast/sqliteconflictalgo.cpp,38,0,0,4,0,0,0,0
Letos/core/parser/ast/sqliteconflictalgo.h,21,0,0,3,0,0,0,0
Letos/core/parser/ast/sqlitecreateindex.cpp,185,0,0,16,0,0,0,0
Letos/core/parser/ast/sqlitecreateindex.h,61,0,1,28,0,0,0,0
Letos/core/parser/ast/sqlitecreatetable.cpp,1043,0,0,109,0,0,0,0
Letos/core/parser/ast/sqlitecreatetable.h,252,0,1,106,0,0,0,0
Letos/core/parser/ast/sqlitecreatetrigger.cpp,383,0,0,24,0,0,0,0
Letos/core/parser/ast/sqlitecreatetrigger.h,103,0,1,31,0,0,0,0
Letos/core/parser/ast/sqlitecreateview.cpp,196,0,0,13,0,0,0,0
Letos/core/parser/ast/sqlitecreateview.h,48,0,1,19,0,0,0,0
Letos/core/parser/ast/sqlitecreatevirtualtable.cpp,121,0,0,15,0,0,0,0
Letos/core/parser/ast/sqlitecreatevirtualtable.h,45,0,1,24,0,0,0,0
Letos/core/parser/ast/sqliteddlwithdbcontext.h,20,0,0,6,0,0,0,0
Letos/core/parser/ast/sqlitedeferrable.cpp,55,0,0,8,0,0,0,0
Letos/core/parser/ast/sqlitedeferrable.h,28,0,0,5,0,0,0,0
Letos/core/parser/ast/sqlitedelete.cpp,183,0,0,23,0,0,0,0
Letos/core/parser/ast/sqlitedelete.h,60,0,1,35,0,0,0,0
Letos/core/parser/ast/sqlitedetach.h,30,0,1,1,0,0,0,0
Letos/core/parser/ast/sqlitedropindex.cpp,79,0,0,5,0,0,0,0
Letos/core/parser/ast/sqlitedropindex.h,32,0,1,10,0,0,0,0
Letos/core/parser/ast/sqlitedroptable.cpp,87,0,0,6,0,0,0,0
Letos/core/parser/ast/sqlitedroptable.h,34,0,1,11,0,0,0,0
Letos/core/parser/ast/sqlitedroptrigger.cpp,80,0,0,5,0,0,0,0
Letos/core/parser/ast/sqlitedroptrigger.h,32,0,1,10,0,0,0,0
Letos/core/parser/ast/sqlitedropview.cpp,80,0,0,5,0,0,0,0
Letos/core/parser/ast/sqlitedropview.h,32,0,1,10,0,0,0,0
Letos/core/parser/ast/sqliteemptyquery.h,22,0,1,1,0,0,0,0
Letos/core/parser/ast/sqliteexpr.cpp,912,0,0,49,0,0,0,0
Letos/core/parser/ast/sqliteexpr.h,172,0,1,70,0,0,1,0
Letos/core/parser/ast/sqliteextendedindexedcolumn.h,20,0,0,6,0,0,0,0
Letos/core/parser/ast/sqlitefilterover.cpp,139,0,0,1,0,0,0,0
Letos/core/parser/ast/sqlitefilterover.h,68,0,1,3,0,0,0,0
Letos/core/parser/ast/sqliteforeignkey.cpp,193,0,0,9,0,0,0,0
Letos/core/parser/ast/sqliteforeignkey.h,79,0,1,15,0,0,0,0
Letos/core/parser/ast/sqliteindexedcolumn.cpp,78,0,0,8,0,0,0,0
Letos/core/parser/ast/sqliteindexedcolumn.h,39,0,1,14,0,0,0,0
Letos/core/parser/ast/sqliteinsert.cpp,243,0,0,32,0,0,0,0
Letos/core/parser/ast/sqliteinsert.h,72,0,1,42,0,0,0,0
Letos/core/parser/ast/sqlitelimit.cpp,80,0,0,3,0,0,0,0
Letos/core/parser/ast/sqlitelimit.h,34,0,1,4,0,0,0,0
Letos/core/parser/ast/sqlitenulls.cpp,27,0,0,3,0,0,0,0
Letos/core/parser/ast/sqlitenulls.h,18,0,0,3,0,0,0,0
Letos/core/parser/ast/sqliteorderby.cpp,185,0,0,9,0,0,0,0
Letos/core/parser/ast/sqliteorderby.h,45,0,1,6,0,0,0,0
Letos/core/parser/ast/sqlitepragma.cpp,165,0,0,16,0,0,0,0
Letos/core/parser/ast/sqlitepragma.h,48,0,1,23,0,0,0,0
Letos/core/parser/ast/sqlitequery.h,36,0,1,1,0,0,0,0
Letos/core/parser/ast/sqlitequerytype.cpp,104,0,0,2,0,0,0,0
Letos/core/parser/ast/sqlitequerytype.h,43,0,0,2,0,0,0,0
Letos/core/parser/ast/sqlitequerywithaliasedtable.h,18,0,0,5,0,0,0,0
Letos/core/parser/ast/sqliteraise.cpp,74,0,0,6,0,0,0,0
Letos/core/parser/ast/sqliteraise.h,43,0,1,6,0,0,0,0
Letos/core/parser/ast/sqlitereindex.cpp,83,0,0,6,0,0,0,0
Letos/core/parser/ast/sqlitereindex.h,34,0,1,11,0,0,0,0
Letos/core/parser/ast/sqliterelease.cpp,40,0,0,1,0,0,0,0
Letos/core/parser/ast/sqliterelease.h,29,0,1,5,0,0,0,0
Letos/core/parser/ast/sqliterollback.cpp,59,0,0,2,0,0,1,0
Letos/core/parser/ast/sqliterollback.h,31,0,1,6,0,0,0,0
Letos/core/parser/ast/sqlitesavepoint.cpp,34,0,0,1,0,0,0,0
Letos/core/parser/ast/sqlitesavepoint.h,28,0,1,5,0,0,0,0
Letos/core/parser/ast/sqliteselect.cpp,805,0,0,53,0,0,0,0
Letos/core/parser/ast/sqliteselect.h,238,0,1,72,0,0,0,0
Letos/core/parser/ast/sqlitesortorder.cpp,26,0,0,3,0,0,0,0
Letos/core/parser/ast/sqlitesortorder.h,18,0,0,3,0,0,0,0
Letos/core/parser/ast/sqlitestatement.cpp,595,0,2,45,0,0,0,0
Letos/core/parser/ast/sqlitestatement.h,413,0,3,52,0,0,1,0
Letos/core/parser/ast/sqlitetablerelatedddl.h,16,0,0,3,0,0,0,0
Letos/core/parser/ast/sqliteupdate.cpp,277,0,0,19,0,0,0,0
Letos/core/parser/ast/sqliteupdate.h,65,0,1,31,0,0,0,0
Letos/core/parser/ast/sqliteupsert.cpp,153,0,0,7,0,0,0,0
Letos/core/parser/ast/sqliteupsert.h,38,0,1,8,0,0,0,0
Letos/core/parser/ast/sqlitevacuum.cpp,82,0,0,4,0,0,0,0
Letos/core/parser/ast/sqlitevacuum.h,35,0,1,6,0,0,0,0
Letos/core/parser/ast/sqlitewindowdefinition.cpp,309,0,0,20,0,0,0,0
Letos/core/parser/ast/sqlitewindowdefinition.h,132,0,1,19,0,0,0,0
Letos/core/parser/ast/sqlitewith.cpp,88,0,0,3,0,0,0,1
Letos/core/parser/ast/sqlitewith.h,55,0,1,7,0,0,0,0
Letos/core/db/queryexecutorsteps/queryexecutoraddrowids.cpp,261,0,0,34,0,0,0,0
Letos/core/db/queryexecutorsteps/queryexecutoraddrowids.h,84,0,1,14,0,0,0,0
Letos/core/db/queryexecutorsteps/queryexecutorattaches.h,29,0,2,0,0,0,0,0
Letos/core/db/queryexecutorsteps/queryexecutorcolumns.cpp,233,0,0,13,0,0,0,0
Letos/core/db/queryexecutorsteps/queryexecutorcolumns.h,74,0,1,7,0,0,0,0
Letos/core/db/queryexecutorsteps/queryexecutorcolumntype.cpp,51,0,0,7,0,0,0,0
Letos/core/db/queryexecutorsteps/queryexecutorcolumntype.h,20,0,1,3,0,0,0,0
Letos/core/db/queryexecutorsteps/queryexecutorcountresults.cpp,23,0,0,1,0,0,0,0
Letos/core/db/queryexecutorsteps/queryexecutorcountresults.h,20,0,1,0,0,0,0,0
Letos/core/db/queryexecutorsteps/queryexecutordatasources.cpp,37,0,0,1,0,0,0,0
Letos/core/db/queryexecutorsteps/queryexecutordatasources.h,25,0,1,0,0,0,0,0
Letos/core/db/queryexecutorsteps/queryexecutordetectschemaalter.h,15,0,1,0,0,0,0,0
Letos/core/db/queryexecutorsteps/queryexecutorexecute.cpp,146,0,0,14,0,0,0,0
Letos/core/db/queryexecutorsteps/queryexecutorexecute.h,88,0,1,5,0,0,0,0
Letos/core/db/queryexecutorsteps/queryexecutorexplainmode.h,19,0,1,0,0,0,0,0
Letos/core/db/queryexecutorsteps/queryexecutorfilter.cpp,36,0,0,1,0,0,0,0
Letos/core/db/queryexecutorsteps/queryexecutorfilter.h,21,0,1,0,0,0,0,0
Letos/core/db/queryexecutorsteps/queryexecutorlimit.cpp,31,0,0,3,0,0,0,0
Letos/core/db/queryexecutorsteps/queryexecutorlimit.h,23,0,1,0,0,0,0,0
Letos/core/db/queryexecutorsteps/queryexecutororder.cpp,84,0,0,1,0,0,0,0
Letos/core/db/queryexecutorsteps/queryexecutororder.h,31,0,1,0,0,0,0,0
Letos/core/db/queryexecutorsteps/queryexecutorparsequery.cpp,49,0,0,1,0,0,0,0
Letos/core/db/queryexecutorsteps/queryexecutorparsequery.h,30,0,1,1,0,0,0,0
Letos/core/db/queryexecutorsteps/queryexecutorreplaceviews.cpp,158,0,0,17,0,0,0,0
Letos/core/db/queryexecutorsteps/queryexecutorreplaceviews.h,121,0,1,13,0,0,0,0
Letos/core/db/queryexecutorsteps/queryexecutorsmarthints.cpp,81,0,0,11,0,0,0,0
Letos/core/db/queryexecutorsteps/queryexecutorsmarthints.h,29,0,1,4,0,0,0,0
Letos/core/db/queryexecutorsteps/queryexecutorstep.cpp,62,0,0,3,0,0,0,0
Letos/core/db/queryexecutorsteps/queryexecutorstep.h,151,0,3,1,0,0,0,0
Letos/core/db/queryexecutorsteps/queryexecutorvaluesmode.h,15,0,1,0,0,0,0,0
Letos/core/db/queryexecutorsteps/queryexecutorwrapdistinctresults.h,34,0,1,0,0,0,0,0
Letos/core/common/private/blockingsocketprivate.cpp,131,0,0,9,5,0,0,0
Letos/core/common/private/blockingsocketprivate.h,39,0,3,6,6,0,0,0
Letos/core/chillout/posix/posixcrashhandler.cpp,147,0,0,0,0,0,0,2
Letos/core/chillout/windows/windowscrashhandler.cpp,676,0,0,0,0,0,0,1
Letos/core/chillout/windows/windowscrashhandler.h,148,0,0,0,0,0,0,2
Letos/Tests/CompletionHelperTest/tst_completionhelpertest.cpp,399,0,2,98,0,0,0,0
Letos/Tests/DsvFormatsTest/tst_dsvformatstesttest.cpp,241,0,2,63,0,0,0,0
Letos/Tests/FormatterTest/tst_formattertest.cpp,109,0,2,16,0,0,0,0
Letos/Tests/HashTablesTest/tst_hashtablestesttest.cpp,220,0,2,12,0,0,0,0
Letos/Tests/LexerTest/tst_lexertest.cpp,154,0,2,10,0,0,0,0
Letos/Tests/ParserTest/tst_parsertest.cpp,902,0,2,61,0,0,0,0
Letos/Tests/SelectResolverTest/tst_selectresolvertest.cpp,579,0,2,62,0,0,0,0
Letos/Tests/SqlFileExecutorTest/tst_sqlqueryexecutortest.cpp,164,0,2,13,0,0,0,0
Letos/Tests/TableModifierTest/tst_tablemodifiertest.cpp,353,0,2,19,0,0,0,0
Letos/Tests/TestUtils/collationmanagermock.cpp,43,0,0,12,0,0,0,0
Letos/Tests/TestUtils/collationmanagermock.h,22,0,0,10,0,0,0,0
Letos/Tests/TestUtils/configmock.cpp,259,0,0,115,0,0,0,0
Letos/Tests/TestUtils/configmock.h,71,0,0,87,0,0,0,0
Letos/Tests/TestUtils/dbattachermock.cpp,46,0,0,4,0,0,0,0
Letos/Tests/TestUtils/dbattachermock.h,26,0,0,3,0,0,0,0
Letos/Tests/TestUtils/dbmanagermock.cpp,115,0,0,40,0,0,0,0
Letos/Tests/TestUtils/dbmanagermock.h,38,0,0,32,0,0,0,0
Letos/Tests/TestUtils/dbsqlite3mock.cpp,8,0,0,5,0,0,0,0
Letos/Tests/TestUtils/dbsqlite3mock.h,16,0,1,8,0,0,0,0
Letos/Tests/TestUtils/extensionmanagermock.cpp,33,0,0,8,0,0,0,0
Letos/Tests/TestUtils/extensionmanagermock.h,21,0,0,5,0,0,0,0
Letos/Tests/TestUtils/functionmanagermock.cpp,56,0,0,41,0,0,0,0
Letos/Tests/TestUtils/functionmanagermock.h,26,0,0,36,0,0,0,0
Letos/Tests/TestUtils/pluginmanagermock.cpp,168,0,0,55,0,0,0,0
Letos/Tests/TestUtils/pluginmanagermock.h,48,0,0,35,0,0,0,0
Letos/Tests/UtilsTest/tst_utilssqltest.cpp,95,0,2,23,0,0,0,0
